{
    "gco": 2,
    "gdi": 0,
    "si": 250,
    "gun": 0,
    "ct": 0.0001,
    "jt": 1,
    "1ma": 0,
    "2ma": 1,
    "3ma": 2,
    "4ma": 3,
    "5ma": 4,
    "1po": 1,
    "2po": 0,
    "3po": 1,
    "4po": 1,
    "5po": 1,
    "1su": 2482.81713,
    "2su": 2482.81713,
    "3su": 2979.38061,
    "4su": 500,
    "5su": 500,
    "xvm": 360,
    "yvm": 360,
    "zvm": 240,
    "avm": 15000,
    "bvm": 1500,
    "cvm": 15000,
    "xfr": 720,
    "yfr": 720,
    "zfr": 720,
    "afr": 45000,
    "bfr": 4500,
    "cfr": 45000,
    "xjm": 75,
    "yjm": 75,
    "zjm": 75,
    "ajm": 15000,
    "bjm": 15000,
    "cjm": 6000,
    "xtm": 0,
    "ytm": 0,
    "ztm": 0,
    "atm": 0,
    "btm": 0,
    "ctm": 0,
    "xtn": 0,
    "ytn": 0,
    "ztn": 0,
    "atn": 0,
    "btn": 0,
    "ctn": 0,
    "di1mo": 0,
    "di2mo": 1,
    "di3mo": 1,
    "di4mo": 0,
    "di5mo": 1,
    "di6mo": 1,
    "di7mo": 1,
    "di8mo": 0,
    "di1ac": 0,
    "di2ac": 0,
    "di3ac": 0,
    "di4ac": 1,
    "di5ac": 0,
    "di6ac": 0,
    "di7ac": 0,
    "di8ac": 0,
    "di1fn": 0,
    "di2fn": 0,
    "di3fn": 0,
    "di4fn": 0,
    "di6fn": 0,
    "di7fn": 0,
    "di8fn": 0,
    "xjh": 10000,
    "yjh": 10000,
    "zjh": 75,
    "ajh": 5,
    "bjh": 5,
    "cjh": 5,
    "xam": 1,
    "yam": 1,
    "zam": 1,
    "aam": 1,
    "bam": 1,
    "cam": 3,
    "zl": 0,
    "spde": 3
}
